Name,Last.N 1,Last.N 2,Email,Pwd
Ophelie,Basford,Ferronel,OphelieBasford123@gmail.com,Oph1234.!
Gunther,Maplethorp,Di Antonio,GuntherMaplethorp123@gmail.com,Gun1234.!
Belvia,Tamas,Steade,BelviaTamas123@gmail.com,Bel1234.!
Corny,Newcome,Le Strange,CornyNewcome123@gmail.com,Cor1234.!
Odella,Biasioni,Rodgers,OdellaBiasioni123@gmail.com,Ode1234.!
Sasha,Shipway,McCrohon,SashaShipway123@gmail.com,Sas1234.!
Hallie,Rasher,de Clerk,HallieRasher123@gmail.com,Hal1234.!
Rudolf,Frossell,Kleint,RudolfFrossell123@gmail.com,Rud1234.!
Milton,Hasty,Flaws,MiltonHasty123@gmail.com,Mil1234.!
Jemimah,Philo,Hampson,JemimahPhilo123@gmail.com,Jem1234.!
Reggis,Yurin,Dodman,ReggisYurin123@gmail.com,Reg1234.!
Erna,Bilam,Bernardon,ErnaBilam123@gmail.com,Ern1234.!
Agata,Pollok,Lyles,AgataPollok123@gmail.com,Aga1234.!
Phil,Challes,Undrell,PhilChalles123@gmail.com,Phi1234.!
Talyah,Fass,Janicijevic,TalyahFass123@gmail.com,Tal1234.!
